id,patientId,professionalId,coverageId,dateTime,status,notes,createdAt
1,3,1,1,2026-05-04 08:00:00,COMPLETED,Control anual de lunares,2026-04-25 10:00:00
2,4,1,2,2026-05-04 08:20:00,COMPLETED,Acne leve,2026-04-26 09:00:00
3,5,2,1,2026-05-05 14:00:00,COMPLETED,Dermatitis atopica,2026-04-27 11:00:00
4,6,3,3,2026-05-06 13:00:00,COMPLETED,Control pediatrico,2026-04-28 15:00:00
5,7,4,4,2026-05-07 08:00:00,CANCELLED,Paciente cancelo por viaje,2026-04-29 16:00:00
6,8,5,2,2026-05-08 09:00:00,COMPLETED,Consulta estetica,2026-04-30 10:30:00
7,9,1,1,2026-05-11 08:00:00,COMPLETED,Chequeo general,2026-05-01 09:00:00
8,10,2,3,2026-05-12 14:30:00,COMPLETED,Psoriasis,2026-05-02 14:00:00
9,3,3,1,2026-05-13 13:20:00,COMPLETED,Seguimiento tratamiento,2026-05-03 10:00:00
10,4,4,2,2026-05-14 08:15:00,COMPLETED,Limpieza facial,2026-05-04 12:00:00
11,5,5,1,2026-05-15 09:20:00,COMPLETED,Peeling quimico,2026-05-05 13:00:00
12,6,1,3,2026-05-18 08:40:00,COMPLETED,Control de verrugas,2026-05-06 11:00:00
13,7,2,4,2026-05-19 15:00:00,COMPLETED,Consulta general,2026-05-07 15:00:00
14,8,3,2,2026-05-20 13:40:00,COMPLETED,Eczema infantil,2026-05-08 10:00:00
15,9,4,1,2026-05-21 08:30:00,COMPLETED,Tratamiento laser,2026-05-09 14:00:00
16,10,5,3,2026-05-22 09:40:00,COMPLETED,Rosacea,2026-05-10 16:00:00
17,3,1,1,2026-06-08 08:00:00,CONFIRMED,Control programado,2026-06-01 09:00:00
18,4,1,2,2026-06-08 08:20:00,PENDING,Consulta por manchas,2026-06-01 09:15:00
19,5,2,1,2026-06-09 14:00:00,CONFIRMED,Seguimiento acne,2026-06-01 09:30:00
20,6,3,3,2026-06-09 13:00:00,PENDING,Consulta pediatrica,2026-06-01 10:00:00
21,7,4,4,2026-06-10 08:00:00,CONFIRMED,Control estetico,2026-06-01 10:15:00
22,8,5,2,2026-06-12 09:00:00,PENDING,Consulta general,2026-06-01 10:30:00
23,9,1,1,2026-06-15 08:00:00,CONFIRMED,Control anual,2026-06-02 09:00:00
24,10,2,3,2026-06-16 14:30:00,PENDING,Dermatitis seborreica,2026-06-02 09:15:00
25,3,3,1,2026-06-17 13:20:00,CONFIRMED,Seguimiento tratamiento,2026-06-02 09:30:00
26,4,4,2,2026-06-18 08:15:00,PENDING,Limpieza facial,2026-06-02 10:00:00
27,5,5,1,2026-06-19 09:20:00,CONFIRMED,Peeling facial,2026-06-02 10:15:00
28,6,1,3,2026-06-22 08:40:00,PENDING,Control verrugas,2026-06-03 09:00:00
29,7,2,4,2026-06-23 15:00:00,CONFIRMED,Consulta general,2026-06-03 09:30:00
30,8,3,2,2026-06-24 13:40:00,PENDING,Consulta infantil,2026-06-03 10:00:00